-- phpMyAdmin SQL Dump
-- version 3.5.2.2
-- http://www.phpmyadmin.net
--
-- 主机: 127.0.0.1
-- 生成日期: 2015 年 04 月 28 日 04:28
-- 服务器版本: 5.5.27
-- PHP 版本: 5.4.7

SET SQL_MODE="NO_AUTO_VALUE_ON_ZERO";
SET time_zone = "+00:00";


/*!40101 SET @OLD_CHARACTER_SET_CLIENT=@@CHARACTER_SET_CLIENT */;
/*!40101 SET @OLD_CHARACTER_SET_RESULTS=@@CHARACTER_SET_RESULTS */;
/*!40101 SET @OLD_COLLATION_CONNECTION=@@COLLATION_CONNECTION */;
/*!40101 SET NAMES utf8 */;

--
-- 数据库: `hotel_1001`
--

-- --------------------------------------------------------

--
-- 表的结构 `atype`
--

CREATE TABLE IF NOT EXISTS `atype` (
  `id` int(11) NOT NULL AUTO_INCREMENT,
  `cn_type` varchar(200) DEFAULT '',
  `en_type` varchar(200) DEFAULT '',
  `cn_title` varchar(200) DEFAULT '',
  `en_title` varchar(200) DEFAULT '',
  `cn_keywords` varchar(200) DEFAULT '',
  `en_keywords` varchar(200) DEFAULT '',
  `cn_description` longtext,
  `en_description` longtext,
  `num` int(11) DEFAULT '0',
  `type_id` int(11) DEFAULT '0',
  `admin_id` int(11) DEFAULT '1',
  PRIMARY KEY (`id`)
) ENGINE=MyISAM  DEFAULT CHARSET=utf8 AUTO_INCREMENT=134 ;

--
-- 转存表中的数据 `atype`
--

INSERT INTO `atype` (`id`, `cn_type`, `en_type`, `cn_title`, `en_title`, `cn_keywords`, `en_keywords`, `cn_description`, `en_description`, `num`, `type_id`, `admin_id`) VALUES
(86, '网站配置', '', '', '', '', '', '', '', 10, 0, 1),
(87, '网站配置', '', '', '', '', '', '', '', 20, 86, 1),
(88, '关于1001', '', '', '', '', '', '', '', 30, 0, 1),
(89, '公司简介', '', '', '', '', '', '', '', 10, 88, 1),
(90, '品牌故事', '', '', '', '', '', '', '', 20, 88, 1),
(91, '获奖与专利', '', '', '', '', '', '', '', 30, 88, 1),
(92, '旗下品牌', '', '', '', '', '', '', '', 40, 88, 1),
(93, '酒店与业态设计系统', '', '', '', '', '', '', '', 50, 0, 1),
(94, '酒店业态系统', '', '', '', '', '', '', '', 60, 93, 1),
(95, 'T-Box ®房屋系统', '', '', '', '', '', '', '', 70, 0, 1),
(96, 'T-Box®', '', '', '', '', '', '', '', 80, 95, 1),
(97, '1001环保系统', '', '', '', '', '', '', '', 90, 0, 1),
(98, '1001环保系统', '', '', '', '', '', '', '', 100, 97, 1),
(99, '智能管家', '', '', '', '', '', '', '', 110, 0, 1),
(100, '智能管家', '', '', '', '', '', '', '', 120, 99, 1),
(101, '首页广告', '', '', '', '', '', '', '', 11, 0, 1),
(102, '首页广告', '', '', '', '', '', '', '', 140, 101, 1),
(103, '底部链接', '', '', '', '', '', '', '', 13, 0, 1),
(104, '底部链接', '', '', '', '', '', '', '', 160, 103, 1),
(106, '运营系统', '', '', '', '', '', '', '', 180, 0, 1),
(107, '运营系统', '', '', '', '', '', '', '', 190, 106, 1),
(108, '酒店顾问管理', '', '', '', '', '', '', '', 200, 0, 1),
(109, '酒店顾问管理', '', '', '', '', '', '', '', 210, 108, 1),
(110, '加盟1001', '', '', '', '', '', '', '', 220, 0, 1),
(111, '加盟1001', '', '', '', '', '', '', '', 230, 110, 1),
(112, '1001梦幻联盟', '', '', '', '', '', '', '', 240, 0, 1),
(113, '1001梦幻联盟', '', '', '', '', '', '', '', 250, 112, 1),
(114, '1001资讯', '', '', '', '', '', '', '', 260, 0, 1),
(115, '活动更新', '', '', '', '', '', '', '', 10, 114, 1),
(116, '消费者故事', '', '', '', '', '', '', '', 20, 114, 1),
(117, '报道', '', '', '', '', '', '', '', 30, 114, 1),
(118, '视频', '', '', '', '', '', '', '', 40, 114, 1),
(119, '资讯', '', '', '', '', '', '', '', 50, 114, 1),
(120, '在建1001酒店', '', '', '', '', '', '', '', 270, 0, 1),
(121, '在建酒店', '', '', '', '', '', '', '', 280, 120, 1),
(122, '在建酒店二维码', '', '', '', '', '', '', '', 271, 120, 1),
(123, '联系我们', '', '', '', '', '', '', '', 290, 0, 1),
(124, '联系我们', '', '', '', '', '', '', '', 300, 123, 1),
(125, '客户留言', '', '', '', '', '', '', '', 310, 0, 1),
(126, '客户留言', '', '', '', '', '', '', '', 320, 125, 1),
(128, '业务资讯', '', '', '', '', '', '', '', 330, 126, 1),
(129, '其他信息', '', '', '', '', '', '', '', 340, 126, 1),
(130, '视频管理', '', '', '', '', '', '', '', 12, 0, 1),
(131, '视频管理', '', '', '', '', '', '', '', 360, 130, 1),
(132, '子页面广告管理', '', '', '', '', '', '', '', 11, 0, 1),
(133, '子页广告', '', '', '', '', '', '', '', 380, 132, 1);

-- --------------------------------------------------------

--
-- 表的结构 `atype_info`
--

CREATE TABLE IF NOT EXISTS `atype_info` (
  `id` int(11) NOT NULL AUTO_INCREMENT,
  `type_id` int(11) DEFAULT '0',
  `num` int(11) DEFAULT '0',
  `cn_name` varchar(200) DEFAULT '',
  `en_name` varchar(200) DEFAULT '',
  `cn_title` varchar(200) DEFAULT '',
  `en_title` varchar(200) DEFAULT '',
  `cn_keywords` varchar(200) DEFAULT '',
  `en_keywords` varchar(200) DEFAULT '',
  `cn_description` longtext,
  `en_description` longtext,
  `images1` varchar(200) DEFAULT '',
  `images2` varchar(200) DEFAULT '',
  `cn_content` longtext,
  `en_content` longtext,
  `date1` datetime DEFAULT '0000-00-00 00:00:00',
  `hot1` int(11) DEFAULT '0',
  `admin_id` int(11) DEFAULT '1',
  `mv_link` varchar(255) DEFAULT '' COMMENT '视频链接',
  PRIMARY KEY (`id`),
  KEY `mv_link` (`mv_link`)
) ENGINE=MyISAM  DEFAULT CHARSET=utf8 AUTO_INCREMENT=109 ;

--
-- 转存表中的数据 `atype_info`
--

INSERT INTO `atype_info` (`id`, `type_id`, `num`, `cn_name`, `en_name`, `cn_title`, `en_title`, `cn_keywords`, `en_keywords`, `cn_description`, `en_description`, `images1`, `images2`, `cn_content`, `en_content`, `date1`, `hot1`, `admin_id`, `mv_link`) VALUES
(10, 87, 10, '网站配置', '', '一千零一夜酒店', '', '一千零一夜酒店', '', '一千零一夜酒店描述', '', '', '', '<p class="copyright">1001 HOTEL© 2014 December &nbsp;- Designed by Peng Xu</p>', '', '2014-07-31 19:46:44', 0, 1, ''),
(11, 89, 10, '公司简介', '', '一千零一夜 酒店集团（1001 HOTEL ® Group ）的使命是“成就别人的梦想，达成自己的梦想”', '', '', '', '', '', '20150417/201504172020162750.jpg', '', '<p style="font-size: 18px; line-height: 28px; color: rgb(27, 94, 93);">我们运营着两个领先时代的线下与线上平台，业务涵盖了新型旅游度假业态的整个产业链。旗下品牌一千零一夜酒店（1001 HOTEL®）是全球唯一的集酒店设计、集成房屋生产、酒店管理、酒店运营于一体的绿色生态度假连锁酒店品牌。1001梦幻酒店联盟（1001 Dream Hotels AllianceTM）联合了来自全球各地的梦幻小型精品酒店，组成一个酒店业主间自主管理，以及互助、共享的联盟大家庭。我们向客人、加盟商及酒店业主们提供技术和服务，让他们可在我们的生态系统里实现各自的梦想。</p>', '', '2015-04-11 13:07:46', 0, 1, ''),
(12, 89, 20, '我们的愿景', '', '我们的愿景', '', '', '', '', '', '20150417/201504172020552826.jpg', '', '<p style="font-size: 18px;margin-bottom: 24px;color: #1b5e5d;">我们旨在成为<span style="margin: 0 5px;color: #c59a6d;"><span class="txt2">全球最大</span>的在风景美妙地区的高舒适度绿色环保分时度假网络。</span></p><p style="font-size: 18px;margin-bottom: 24px;color: #1b5e5d;">为追求梦幻享受体验的客人<span style="margin: 0 5px;color: #c59a6d;">“寻找完美的世外桃源”。</span></p><p style="font-size: 18px;margin-bottom: 24px;color: #1b5e5d;">为创业的加盟者实现<span style="margin: 0 5px;color: #c59a6d;">“一千个美丽的风景，一个不变的生活习惯”</span>美梦。</p><p style="font-size: 18px; margin-bottom: 24px; color: rgb(27, 94, 93);">为实现乌托邦梦想，将<span style="margin: 0 5px;color: #c59a6d;">“1000个梦想追求者汇集至一起，组成一个梦想大家庭”。</span></p>', '', '2015-04-11 13:13:42', 0, 1, ''),
(13, 89, 30, '业务板块1', '', '1001 HOTEL ®一千零一夜酒店', '', 'http://www.hi1001.com/', '', '', '', '20150417/201504172021511263.jpg', '', '<p style="line-height: 40px; font-size: 22px;">1001 HOTEL®是全球唯一的集酒店设计、集成房屋生产、酒店管理、酒店运营于一体的绿色生态度假连锁酒店品牌。</p>', '', '2015-04-11 13:17:16', 0, 1, ''),
(14, 89, 40, '业务板块2', '', '1001 Dream Hotels Alliance TM1001 梦幻酒店联盟', '', 'http://www.1001DHA.com/', '', '', '', '20150417/201504172022123616.jpg', '', '<p style="line-height: 40px; font-size: 22px;">1001梦幻酒店联盟是一个由很多家各具特色的小型精品酒店品牌组成的酒店业主间互助、共享大家庭，是一个由酒店业主自行管理的联盟。</p>', '', '2015-04-11 13:19:15', 0, 1, ''),
(15, 90, 50, '1908', '', '', '', '', '', '加拿大作家Lucy Maud Montgomery （露西•莫德•蒙哥马利） 的小说Anne of Green Gables（ 《安妮的绿色小屋》）出版，主人公安妮和她位于加拿大蒙哥马利爱德华王子岛的安妮小木屋一时声名鹊起。', '', '20150417/201504172024293237.jpg', '20150417/201504172024422130.jpg', '<p>\r\n &nbsp; &nbsp;加拿大作家Lucy Maud Montgomery （露西•莫德•蒙哥马利） 的小说Anne of Green Gables（ 《安妮的绿色小屋》）出版，主人公安妮和她位于加拿大蒙哥马利爱德华王子岛的安妮小木屋一时声名鹊起。\r\n</p>', '', '2015-04-11 14:05:40', 0, 1, ''),
(16, 90, 60, '1950', '', '', '', '', '', '受到安妮的小木屋启发的加拿大人Roger Faulkner和他的家族，把传统北美木屋发展成了可整体移动的房屋系统，并为此创立了户外度假品牌1001 HOTEL。\r\n至今，这个由Roger创立的可移动度假房屋系统以及1001 HOTEL，已经在北美的大陆上存在了超过60年。', '', '20150417/201504172025056285.jpg', '20150417/201504172025168332.jpg', '<p>受到安妮的小木屋启发的加拿大人Roger Faulkner和他的家族，把传统北美木屋发展成了可整体移动的房屋系统，并为此创立了户外度假品牌1001 HOTEL。</p><p>至今，这个由Roger创立的可移动度假房屋系统以及1001 HOTEL，已经在北美的大陆上存在了超过60年。</p><p><br/></p>', '', '2015-04-11 14:14:59', 0, 1, ''),
(17, 90, 70, '2006', '', '', '', '', '', '中国一位酷爱旅行、摄影、设计、工程材料的玩家Kevin Hon.在游历了无数极端风景后，立志要改变&quot;眼在天堂，身在地狱&quot;的景区现状，创立一千零一夜旅游投资公司。', '', '20150417/201504172025356773.jpg', '20150417/201504172025469876.jpg', '<p>中国一位酷爱旅行、摄影、设计、工程材料的玩家Kevin Hon.在游历了无数极端风景后，立志要改变&quot;眼在天堂，身在地狱&quot;的景区现状，创立一千零一夜旅游投资公司。</p>', '', '2015-04-11 14:15:45', 0, 1, ''),
(18, 90, 80, '2008', '', '', '', '', '', '一个偶然的机会，Kevin认识了Roger及Roger的1001 HOTEL。其可整体移动房屋正是Kevin一直在寻找的神奇盒子。同时Roger深受Kevin和他的“一千零一夜”梦想鼓舞，决定把超过60年历史的集成房屋系统和1001 HOTEL品牌托付给Kevin.让其在东方也能够光大传承。', '', '20150417/201504172026106387.jpg', '20150417/201504172026245703.jpg', '<p>一个偶然的机会，Kevin认识了Roger及Roger的1001 HOTEL。其可整体移动房屋正是Kevin一直在寻找的神奇盒子。同Roger深受Kevin和他的&quot;一千零一夜&quot;梦想鼓舞，决定把超过60年历史的集成房屋系统和1001 HOTEL品牌托付给Kevin.让其在东方也能够光大传承。</p>', '', '2015-04-11 14:16:13', 0, 1, ''),
(19, 90, 90, '2011', '', '', '', '', '', 'Kevin和他的梦想团队重塑出的新型度假工具，正式取名为T-box®，并获得了加拿大最佳发明奖以及中国多项发明专利。同时，Kevin结合现代酒店管理和社群营运思维，创造出了三位一体的绿色生态旅游度假体系，续写了一千零一夜的童话故事。', '', '20150417/201504172026441682.jpg', '20150417/201504172026553212.jpg', '<p>Kevin和他的梦想团队重塑出的新型度假工具，正式取名为T-box®，并获得了加拿大最佳发明奖以及中国多项发明专利。同时，Kevin结合现代酒店管理和社群营运思维，创造出了三位一体的绿色生态旅游度假体系，续写了一千零一夜的童话故事。</p>', '', '2015-04-11 14:16:45', 0, 1, ''),
(20, 90, 100, '梦想起航', '', '', '', '', '', '', '', '', '', '<p style="line-height: 28px;color: #1b5e5d;font-size: 16px;">在实现乌托邦梦想的路上<br/>让安妮的“小屋”遍布全球，<br/>让每一位热爱户外的旅者无论身在何处，都有一个理想之家，<br/>让自然环保、舒适奢华、开门见景的旅行文化深入人心，<br/>今天，无论是旅者的乌托邦，还是Kevin的梦想，都在实现。</p><p>—————</p>', '', '2015-04-11 14:17:14', 0, 1, ''),
(21, 91, 110, '加拿大RV协会最佳发明奖', '', '加拿大RV协会最佳发明奖', '', '2011', '', '', '', '20150417/201504172018539749.jpg', '', '', '', '2015-04-11 14:30:49', 0, 1, ''),
(22, 91, 120, '饭店金马奖：最具发展潜力酒店集团奖', '', '饭店金马奖：最具发展潜力酒店集团奖', '', '2013', '', '', '', '20150417/201504172018217933.jpg', '', '', '', '2015-04-11 14:31:46', 0, 1, ''),
(23, 91, 130, '中国杰出精品酒店奖', '', '中国杰出精品酒店奖', '', '2012', '', '', '', '20150417/201504172017437580.jpg', '', '', '', '2015-04-11 14:32:27', 0, 1, ''),
(24, 92, 140, '一千零一夜快捷酒店', '', '', '', '', '', '', '', '20150417/201504172031222278.png', '20150417/201504172031325044.jpg', '', '', '2015-04-11 14:39:26', 0, 1, ''),
(25, 92, 150, '一千零一夜假日酒店', '', '', '', '', '', '', '', '20150417/201504172030464242.png', '20150417/201504172030581474.jpg', '', '', '2015-04-11 14:40:06', 0, 1, ''),
(26, 92, 160, '一千零一夜庄园', '', '', '', '', '', '', '', '20150417/201504172030132044.png', '20150417/201504172030249318.jpg', '', '', '2015-04-11 14:40:31', 0, 1, ''),
(27, 92, 170, '一千零一夜情侣酒店', '', '', '', '', '', '', '', '20150417/201504172029412224.png', '20150417/201504172029533712.jpg', '', '', '2015-04-11 14:40:53', 0, 1, ''),
(28, 92, 180, '一千零一夜别墅酒店', '', '', '', '', '', '', '', '20150417/201504172028524142.png', '20150417/201504172029203408.jpg', '', '', '2015-04-11 14:41:11', 0, 1, ''),
(29, 94, 10, '运营及财务模型设计', '', '', '', '', '', '财务预测、运营结构设计、运营费用/收入预测', '', '20150422/201504221441145601.jpg', '', '', '', '2015-04-11 22:30:27', 0, 1, ''),
(30, 94, 20, '酒店系统与运营设施设计', '', '', '', '', '', 'T- - box®酒店硬件系统设计与制造、酒店运营配套设施设计', '', '20150422/201504221440559434.jpg', '', '', '', '2015-04-11 22:31:21', 0, 1, ''),
(31, 94, 30, '景观、建筑及业态设计', '', '', '', '', '', '创意生态建筑设计、自然景观设计、野奢 酒店环境设计、业态运营设计', '', '20150422/201504221440376997.jpg', '', '', '', '2015-04-11 22:32:10', 0, 1, ''),
(32, 94, 40, '项目策划与规划', '', '', '', '', '', '总体策划、概念性总体规划、商业模式策划、休闲度假产品策划、度假产品升级', '', '20150422/201504221440149263.jpg', '', '', '', '2015-04-11 22:32:44', 0, 1, ''),
(33, 94, 50, '市场可行性咨询', '', '', '', '', '', '土地流转方式建议、政府政策应对、项目可行性分析', '', '20150422/201504221439531116.jpg', '', '', '', '2015-04-11 22:33:41', 0, 1, ''),
(34, 98, 10, '有机洗涤用品和布草', '', '', '', '', '', '', '', '20150424/201504241418126345.jpg', '', '<p style="line-height: 36px; font-size: 16px;">我们全部采用含有机成分的洗涤用品，<br/>从源头上杜绝对水源的浪费；<br/>同时布草统一选用<br/><span style="color:#c59a70;">环保、易再生、亲肤、舒适</span><br/>的环保织物，对自然环境绝对友好。</p>', '', '2015-04-13 21:03:23', 0, 1, ''),
(35, 98, 20, '净化系统核心指标', '', '', '', '', '', '', '', '20150424/201504241418399062.jpg', '', '<p style="line-height: 34px;font-size: 16px;">处理前污水水质：<span style="font-size:20px;color:#c59a70;">BOD≈200mg/L</span></p><p><br/></p><p style="line-height: 34px;font-size: 16px;">处理后流出水质：<span style="font-size:20px;color:#c59a70;">BOD≤20mg/L</span></p><p style="line-height: 34px; font-size: 14px;">注：根据《城镇污水处理厂污染物排放标准》中规定，国家一级出水标准为BOD≤20mg/L。</p>', '', '2015-04-13 21:04:17', 0, 1, ''),
(36, 98, 30, '水源净化自循环系统', '', '', '', '', '', '', '', '20150424/201504241419017256.jpg', '', '<p><img src="/1001hotel/uploadfiles/editor/image/20150424/1429855990384962.png" title="1429855990384962.png" alt="icon10.png"/>雨水、自然水源收集</p><p><img src="http://localhost/1001hotel/uploadfiles/editor/image/20150424/1429855990384962.png" title="1429855990384962.png" alt="icon10.png" style="white-space: normal;"/>固液体自动沉淀分离</p><p><img src="http://localhost/1001hotel/uploadfiles/editor/image/20150424/1429855990384962.png" title="1429855990384962.png" alt="icon10.png" style="white-space: normal;"/>微生物技术直接净化水源</p><p><img src="http://localhost/1001hotel/uploadfiles/editor/image/20150424/1429855990384962.png" title="1429855990384962.png" alt="icon10.png" style="white-space: normal;"/>净化水用于日常生活使用</p><p><img src="http://localhost/1001hotel/uploadfiles/editor/image/20150424/1429855990384962.png" title="1429855990384962.png" alt="icon10.png" style="white-space: normal;"/>设备直接处理生活污水</p><p><img src="http://localhost/1001hotel/uploadfiles/editor/image/20150424/1429855990384962.png" title="1429855990384962.png" alt="icon10.png" style="white-space: normal;"/>处理后水达自然排放标准</p><p><img src="http://localhost/1001hotel/uploadfiles/editor/image/20150424/1429855990384962.png" title="1429855990384962.png" alt="icon10.png" style="white-space: normal;"/>可直接排入大自然</p><p><span style="line-height: 34px;font-size: 20px;color:#f4b837;">最大限度避免环境污染</span></p>', '', '2015-04-13 21:05:36', 0, 1, ''),
(37, 98, 40, '1001环保系统原理', '', 'uu=de67558d98&vu=f27da0117d&auto_play=0&gpcflag=1&width=1024&height=768', '', '', '', '', '', '', '', '<p style="line-height: 24px;">我们运用先进的微生物水处理技术，<br/>将收集的自然水源和生活污水直接处理，<br/>达可循环使用或<span style="color:#c59a70;">自然排放标准</span>（国家一级出水标准）<br/>是目前全球减少自然保护区环境污染最有效的技术。</p><p style="margin-top: 24px; line-height: 24px;">-<span style="color:#c59a70;">简洁</span>：无需依靠市政集中排污和大型下水管道<br/>-<span style="color:#c59a70;">高效</span>：污水即时流入系统，即时被净化并排出<br/>-<span style="color:#c59a70;">低成本</span>：制造初始投入成本远低于铺设市政排污<br/>1001 HOTEL还对此系统加以利用，<br/>实现真正的水源净化自循环系统。</p>', '', '2015-04-13 21:10:22', 0, 1, ''),
(38, 100, 10, '给您的度假生活配备一个“隐形管家”', '', '', '', '', '', '', '', '20150422/201504221551035962.jpg', '', '', '', '2015-04-13 21:21:22', 0, 1, ''),
(39, 100, 20, '通过400专线控制室内智能电器', '', '', '', '', '', '', '', '20150422/201504221550381486.jpg', '', '', '', '2015-04-13 21:21:47', 0, 1, ''),
(40, 100, 30, '室内平板电脑可控制智能电器', '', '', '', '', '', '', '', '20150422/201504221550091838.jpg', '', '', '', '2015-04-13 21:22:01', 0, 1, ''),
(41, 100, 40, '远程移动端可控制室内智能电器', '', '', '', '', '', '', '', '20150422/201504221549447806.jpg', '', '', '', '2015-04-13 21:22:14', 0, 1, ''),
(65, 107, 10, '系统6', '', '', '', '', '', '辅助性设施体现于室内与室外的细微环节，包含安全铃、围栏、照明、标识、智能空气感应……客人想得到的、想不到的，我们都照顾到。', '', '20150422/201504221619255849.jpg', '', '<p style="line-height: 32px; color: rgb(198, 220, 214); font-size: 18px;">辅助性设施体现于室内与室外的细微环节，包含安全铃、围栏、照明、标识、智能空气感应……客人想得到的、想不到的，我们都照顾到。</p>', '', '2015-04-22 16:16:04', 0, 1, ''),
(43, 102, 10, 'banner1', '', '', '', '', '', '', '', '20150416/201504162136543405.jpg', '', '', '', '2015-04-16 21:36:13', 0, 1, ''),
(44, 102, 20, 'banner2', '', '', '', '', '', '', '', '20150416/201504162137228307.jpg', '', '', '', '2015-04-16 21:37:04', 0, 1, ''),
(45, 102, 30, 'banner3', '', '', '', '', '', '', '', '20150416/201504162138068689.jpg', '', '', '', '2015-04-16 21:37:48', 0, 1, ''),
(46, 102, 40, 'banner4', '', '', '', '', '', '', '', '20150416/201504162138389003.jpg', '', '', '', '2015-04-16 21:37:48', 0, 1, ''),
(47, 102, 50, 'banner5', '', '', '', '', '', '', '', '20150416/201504162139071064.jpg', '', '', '', '2015-04-16 21:37:48', 0, 1, ''),
(48, 104, 10, '链接9 rss', '', '', '', '', '', '', '', '', '', '', '', '2015-04-16 22:06:53', 0, 1, ''),
(49, 104, 20, '链接8', '', '', '', '', '', '', '', '', '', '', '', '2015-04-16 22:09:11', 0, 1, ''),
(50, 104, 30, '链接7', '', '', '', '', '', '', '', '', '', '', '', '2015-04-16 22:09:22', 0, 1, ''),
(51, 104, 40, '链接6', '', '', '', '', '', '', '', '', '', '', '', '2015-04-16 22:09:32', 0, 1, ''),
(52, 104, 50, '链接5', '', '', '', '', '', '', '', '', '', '', '', '2015-04-16 22:09:49', 0, 1, ''),
(53, 104, 60, '链接4 in', '', '', '', '', '', '', '', '', '', '', '', '2015-04-16 22:09:58', 0, 1, ''),
(54, 104, 70, '链接3 twitter', '', '', '', '', '', '', '', '', '', '', '', '2015-04-16 22:10:17', 0, 1, ''),
(55, 104, 80, '链接2 goole', '', 'http://www.google.com', '', 'goole', '', '', '', '', '', '', '', '2015-04-16 22:10:36', 0, 1, ''),
(56, 104, 90, '链接1 facebook', '', '', '', 'facebook', '', '', '', '', '', '', '', '2015-04-16 22:11:08', 0, 1, ''),
(104, 128, 20, '业务资讯2015-04-27 16:55:33', '', '137084553@qq.com', '', '', '', '测试客户提供邮箱', NULL, '', '', NULL, NULL, '2015-04-27 16:55:33', 0, 1, ''),
(58, 96, 10, '轻质2', '', '', '', '', '', '', '', '20150422/201504221442452414.jpg', '', '', '', '2015-04-22 14:41:56', 0, 1, ''),
(59, 96, 20, '安全', '', '', '', '', '', '', '', '20150422/201504221443119563.jpg', '', '', '', '2015-04-22 14:42:51', 0, 1, ''),
(60, 96, 30, '高效', '', '', '', '', '', '', '', '20150422/201504221443288755.jpg', '', '', '', '2015-04-22 14:43:17', 0, 1, ''),
(61, 96, 40, '可靠', '', '', '', '', '', '', '', '20150422/201504221443589407.jpg', '', '', '', '2015-04-22 14:43:33', 0, 1, ''),
(62, 96, 50, '模块化', '', '', '', '', '', '', '', '20150422/201504221444169379.jpg', '', '', '', '2015-04-22 14:44:03', 0, 1, ''),
(63, 96, 60, '环保', '', '', '', '', '', '', '', '20150422/201504221444342676.jpg', '', '', '', '2015-04-22 14:44:21', 0, 1, ''),
(64, 96, 70, '轻质', '', '', '', '', '', '', '', '20150422/201504221444549567.jpg', '', '', '', '2015-04-22 14:44:39', 0, 1, ''),
(66, 107, 20, '系统5', '', '', '', '', '', '完善的消防装置设计，包括消防通道、消防栓、智能检测、消防喷淋……最大限度预防一切意外的发生。', '', '20150422/201504221620072923.jpg', '', '<p style="line-height: 32px; color: rgb(198, 220, 214); font-size: 18px;">完善的消防装置设计，包括消防通道、消防栓、智能检测、消防喷淋……最大限度预防一切意外的发生。</p>', '', '2015-04-22 16:19:32', 0, 1, ''),
(67, 107, 30, '系统4', '', '', '', '', '', '', '', '20150422/201504221625499274.jpg', '', '<p style="line-height: 26px;color: #c6dcd6;font-size: 16px;">防潮机制：</p><p style="line-height: 32px;color: #c6dcd6;font-size: 16px;">- &nbsp;智能系统实时检测室内空气湿度与质量，并自动打开设备除湿换气。</p><p style="line-height: 26px; color: rgb(198, 220, 214); font-size: 16px;">- &nbsp;安排专人按照户外酒店客房防潮除湿管理准则，定时除湿换气，客人不经意间感受始终如一的室内舒适。</p>', '', '2015-04-22 16:23:36', 0, 1, ''),
(68, 107, 40, '系统3', '', '', '', '', '', '', '', '20150422/201504221625055181.jpg', '', '<p style="line-height: 32px; color: rgb(198, 220, 214); font-size: 18px;">我们有一整套全方位的野外放置蚊虫蛇鼠解决方案，让客人置身于一个免受干扰的户外度假环境。</p>', '', '2015-04-22 16:24:23', 0, 1, ''),
(69, 107, 50, '系统2', '', '', '', '', '', '', '', '20150422/201504221626137671.jpg', '', '<p style="line-height: 32px; color: rgb(198, 220, 214); font-size: 18px;">创新性地将酒店餐饮、会议、娱乐、后勤等各功能区碎片化设计，大大节约能耗 。</p>', '', '2015-04-22 16:25:56', 0, 1, ''),
(70, 107, 60, '系统1', '', '', '', '', '', '', '', '20150422/201504221626466872.jpg', '', '<p style="line-height: 32px; color: rgb(198, 220, 214); font-size: 18px;">精心设计的度假酒店大堂及公共配套功能在野外打造无处不在的野奢度假享受。</p>', '', '2015-04-22 16:26:31', 0, 1, ''),
(71, 109, 10, '培训运营中心', '', '', '', '', '', '', '', '20150422/201504221631223021.jpg', '', '<p>我们拥有培训运营中心</p>', '', '2015-04-22 16:30:50', 0, 1, ''),
(72, 109, 20, '顾问管理服务', '', '', '', '', '', '', '', '20150422/201504221632055338.jpg', '', '<p>我们提供顾问管理服务</p>', '', '2015-04-22 16:31:44', 0, 1, ''),
(73, 109, 30, '户外度假酒店管理标准', '', '', '', '', '', '', '', '20150422/201504221633038918.jpg', '', '<p>我们提供户外度假酒店管理标准</p>', '', '2015-04-22 16:32:25', 0, 1, ''),
(74, 109, 40, '人力资源培训', '', '', '', '', '', '', '', '20150422/201504221633421020.jpg', '', '<p>我们提供免费人力资源培训</p>', '', '2015-04-22 16:33:20', 0, 1, ''),
(75, 111, 10, '加盟资料', '', '', '', '', '', '', '', '', '', '', '', '2015-04-22 16:38:45', 0, 1, ''),
(76, 113, 10, '加入1001 D.H.A', '', '加入一个由独立小型精品酒店组成的群体', '', '', '', '如果你觉得和我们有着共同价值观，认同团结就是力量；如果你希望为小型精品酒店行业贡献，愿意召集更多小型精品酒店业者结盟；如果你的酒店本身也颇具特色，并在业界有一定影响力。快来加入1001 Dream Hotels AllianceTM，这是一个由1000个梦想追求者汇聚一起而组成的梦想大家庭。', '', '20150422/201504221653325018.jpg', '', '<p style="color: #c59a6d;line-height:28px;margin-top: 10px;">加盟标准与品质标准</p><p style="color: #333;line-height:28px;">1001Dream Hotels AllianceTM的优势和信誉来自联盟各成员酒店的品质。我们采取严格的控制，确保只有最优秀、最高标准的酒店才能加盟，同时确保1001Dream Hotels AllianceTM各成员酒店继续维持这样的高标准。在评估酒店是否适合加盟联盟品牌时，我们相信顾客的综合体验和其他因素同等重要。</p><p style="color: #c59a6d;line-height:28px;margin-top: 10px;">检查计划</p><p style="color: #333;line-height:28px;">我们通过开展定期检查来维持1001Dream Hotels AllianceTM的品质。这一点不仅对客户、旅游业和媒体非常重要，对您——酒店业主也具有极为重大的意义。我们必须在全球范围内维护1001Dream Hotels AllianceTM这一小型精品酒店大家庭的信誉，因为客户会按照其他酒店的品质标准来评判我们的酒店。1001Dream Hotels AllianceTM实施无形的客户印象检查计划。除了承担检查员在贵酒店的食宿和从联盟总部香港到贵酒店的往返交通外，您无需支付任何其它费用。检查的频率至少两年一次。每次检查之后，您都将收到一份检查结果报告。所有检查员均由资深高素质的小型精品酒店体验员担任。</p><p style="color: #c59a6d;line-height:28px;margin-top: 10px;">新建酒店与现有酒店翻新</p><p style="color: rgb(51, 51, 51); line-height: 28px;">我们也欢迎正处于开发阶段的酒店加盟我们的联盟大家庭，包括完全新建的田园酒店和翻新改造的老建筑。</p>', '', '2015-04-22 16:51:39', 0, 1, ''),
(77, 113, 20, '选择1001 D.H.A', '', '为何选择1001Dream Hotels AllianceTM？', '', '', '', '我们对国内市场有着充分的理解。我们深知中国游客对国外小型精品酒店有着强烈的需求，而现有的网络分销渠道并不适宜精品酒店的推广。因此，我们采用独一无二的商业模式，免费为每个小型精品酒店打造自己的网络分销平台。1001 Dream Hotels AllianceTM旨在帮助每一个成员最大限度的接触到最精准的客户，最大化每一位成员的价值。', '', '20150422/201504221655421092.jpg', '', '<p style="color: #c59a6d;line-height:28px;margin-top: 10px;">专注各自品牌的根本诉求</p><p style="color: #333;line-height:28px;">由于我们从事接待的客人大多数都是热爱享受大自然和美景及追逐心中美好梦想的。因此，我们只专注于梦幻且有特色的小型精品酒店。我们不接纳大酒店、会议酒店或其他住宿类型。酒店的规模集中在5-60间客房。在1001Dream Hotels AllianceTM，您永远不会成为大池塘里的小鱼。</p><p style="color: #c59a6d;line-height:28px;margin-top: 10px;">酒店业主自行管理的酒店联盟</p><p style="color: #333;line-height:28px;">1001Dream Hotels AllianceTM是一家互助性质的机构，无需担心任何债务。联盟由各个小型精品酒店业主成员选出代表来共同管理，并设有董事会。董事会每年换届一次，成员均由成员酒店业主自行推选的代表所组成。</p><p style="color: #c59a6d;line-height:28px;margin-top: 10px;">保持独立性</p><p style="color: #333;line-height:28px;">我们采用“软性”的品牌推广方式。您可以保留独立的所有权，同时获得世界标志性小型精品酒店品牌的身份。</p><p style="color: #c59a6d;line-height:28px;margin-top: 10px;">属于自己的互联网营销平台</p><p style="color: rgb(51, 51, 51); line-height: 28px;">借助自主研发的精品酒店联盟APP，每个小型精品酒店成员都拥有了属于自己的网络分销平台。精品酒...............................................</p>', '', '2015-04-22 16:54:14', 0, 1, ''),
(78, 113, 30, '总裁致辞', '', '热烈欢迎加盟1001 Dream Hotels AllianceTM', '', '', '', 'AllianceTM联盟品牌是一个由很多家各具特色的小型精品酒店品牌组成的酒店业主间互助、共享大家庭，是一个由酒店业主自行管理的联盟。从设计前卫的现代酒店到富丽堂皇的17 世纪古堡；从市中心的世外桃源到偏远的私人岛屿；从历史悠久的乡村别墅到田园诗般的度假屋—这个联盟的真正魅力在于每一家酒店既独立又团结。', '', '20150422/201504221659522073.jpg', '', '<p style="color: #333;font-size: 16px;line-height: 28px;">1001Dream Hotels AllianceTM联盟品牌是一个由很多家各具特色的小型精品酒店品牌组成的酒店业主间互助、共享大家庭，是一个由酒店业主自行管理的联盟。从设计前卫的现代酒店到富丽堂皇的17 世纪古堡；从市中心的世外桃源到偏远的私人岛屿；从历史悠久的乡村别墅到田园诗般的度假屋—这个联盟的真正魅力在于每一家酒店既独立又团结。</p><p style="color: rgb(51, 51, 51); font-size: 16px; line-height: 28px; margin-top: 40px;">联盟的发起人和创始成员1001HOTEL®本身就是一个小型精品酒店从业者,我们深刻地明白，当今世界各大酒店集团，如洲际、喜达屋等都有各自强大预定及会员系统，我们小型酒店仅仅靠单个力量,要做市场推广和塑造品牌非常吃力；但当很多个各具特色的小型精品酒店聚集在一起，就能聚合成强大力量、吸引更多的客人。</p>', '', '2015-04-22 16:59:13', 0, 1, ''),
(79, 118, 10, 'See You Again', '', 'See You Again', '', 'See You Again', '', 'See You Again速度与激情7片尾曲', '', '20150423/201504231522031838.jpg', '', '<p>See You Again - Wiz Khalifa&amp;Charlie Puth<br/>It&#39;s been a long day without you my friend<br/>没有老友你的陪伴 日子真是漫长<br/>And I&#39;ll tell you all about it when I see you again<br/>与你重逢之时 我会敞开心扉倾诉所有<br/>We&#39;ve come a long way from where we began<br/>回头凝望 我们携手走过漫长的旅程<br/>Oh I&#39;ll tell you all about it when I see you again<br/>与你重逢之时 我会敞开心扉倾诉所有<br/>When I see you again<br/>与你重逢之时<br/>Damn who knew all the planes we flew<br/>谁会了解我们经历过怎样的旅程<br/>Good things we&#39;ve been through<br/>谁会了解我们见证过怎样的美好<br/>That I&#39;ll be standing right here<br/>这便是我在你眼前出现的原因<br/>Talking to you about another path<br/>与你聊聊另一种选择的可能<br/>I know we loved to hit the road and laugh<br/>我懂我们都偏爱速度与激情<br/>But something told me that it wouldn&#39;t last<br/>但有个声音告诉我这美好并不会永恒<br/>Had to switch up look at things<br/>我们得变更视野<br/>different see the bigger picture<br/>转向更为辽阔的天地<br/>Those were the days hard work forever pays<br/>有付出的日子终有收获的时节<br/>Now I see you in a better place<br/>此刻 我看到你走进更加美好的未来<br/>Now I see you in a better place<br/>此刻 我看到你走进更加美好的未来<br/>How could we not talk about family<br/>当家人已是我们唯一的牵绊<br/>when family&#39;s all that we got?<br/>我们怎么能忘却最可贵的真情<br/>Everything I went through<br/>无论历经怎样的艰难坎坷<br/>you were standing there by my side<br/>总有你相伴陪我度过<br/>And now you gonna be with me for the last ride<br/>最后一段征程 我更需要你的相伴<br/>It&#39;s been a long day without you my friend<br/>没有老友你的陪伴 日子真是漫长<br/>And I&#39;ll tell you all about it when I see you again<br/>与你重逢之时 我会敞开心扉倾诉所有<br/>We&#39;ve come a long way from where we began<br/>回头凝望 我们携手走过漫长的旅程<br/>Oh I&#39;ll tell you all about it when I see you again<br/>与你重逢之时 我会敞开心扉倾诉所有<br/>When I see you again<br/>与你重逢之时<br/>First you both go out your way<br/>一开始你们总是追随你们心中的步伐<br/>And the vibe is feeling strong and what&#39;s<br/>热忱累积 信念不变<br/>Small turn to a friendship a friendship<br/>渺小的世界见证这段深情厚谊<br/>Turn into a bond and that bond will never<br/>深厚的友情蜕成血浓于水的感情<br/>Be broke and the love will never get lost<br/>此情不变 此爱难逝<br/>Be broke and the love will never get lost<br/>此情不变 此爱难逝<br/>And when brotherhood come first then the line<br/>莫逆之交的我们 绝不会背叛彼此<br/>Will never be crossed established it on our own<br/>只因这深情厚谊基于我们真实意愿<br/>When that line had to be drawn and that line is what<br/>这友谊让我们肝胆相照 荣辱与共<br/>We reach so remember me when I&#39;m gone<br/>即便我离去 也请将我铭记<br/>We reach so remember me when I&#39;m gone<br/>即便我离去 也请将我铭记<br/>How could we not talk about family<br/>当家人已是我们唯一的牵绊<br/>when family&#39;s all that we got?<br/>我们怎么能忘却最可贵的真情<br/>Everything I went through you<br/>无论历经怎样的艰难坎坷<br/>were standing there by my side<br/>总有你相伴陪我度过<br/>And now you gonna be with me for the last ride<br/>最后一段征程 我更需要你的相伴<br/>Let the light guide your way hold every memory<br/>就让那光芒引导你的前路 铭记与我的曾经<br/>As you go and every road you<br/>无论你选哪一条路<br/>take will always lead you home<br/>那都会通向你的家<br/>Hoo~<br/>吼~~<br/>It&#39;s been a long day without you my friend<br/>没有老友你的陪伴 日子真是漫长<br/>And I&#39;ll tell you all about it when I see you again<br/>与你重逢之时 我会敞开心扉倾诉所有<br/>We&#39;ve come a long way from where we began<br/>回头凝望 我们携手走过漫长的旅程<br/>Oh I&#39;ll tell you all about it when I see you again<br/>与你重逢之时 我会敞开心扉倾诉所有<br/>When I see you again<br/>与你重逢之时<br/>Again<br/>重逢之时<br/>When I see you again see you again<br/>与你重逢之时?重逢之时<br/>When I see you again<br/>与你重逢之时<br/></p>', '', '2015-04-23 11:46:25', 1, 1, 'uu=de67558d98&vu=f27da0117d&auto_play=0&gpcflag=1&width=1024&height=768'),
(80, 119, 20, '成就别人梦想，达成自己梦想', '', '成就别人梦想，达成自己梦想', '', '成就别人梦想，达成自己梦想', '', '我们运营着两个领先时代的线下与线上平台，业务涵盖了新型旅游度假业态的整个产业链。旗下品牌一千零一夜酒店（1001 HOTEL®）是全球唯一的集酒店设计、集成房屋生产、酒店管理、酒店运营于一体的绿色生态度假连锁酒店品牌。1001梦幻酒店联盟（1001 Dream Hotels AllianceTM）联合了来自全球各地的梦幻小型精品酒店1001梦幻酒店联盟（1001 Dream Hotels AllianceTM）联合了来自全球各地的梦幻小型...我们运营着两个领先时代的线下与线上平台，业务涵盖了新型旅游度假业态的整个产业链。旗下品牌一千零一夜酒店（1001 HOTEL®）是全球唯一的集酒店设计、集成房屋生产、酒店管理、酒店运营于一体的绿色生态度假连锁酒店品牌。1001梦幻酒店联盟（1001 Dream Hotels AllianceTM）联合了来自全球各地的梦幻小型精品酒店1001梦幻酒店联盟（1001 Dream Hotels AllianceTM）联合了来自全球各地的梦幻小型...', '', '20150423/201504231151341053.jpg', '', '<p style="color: #c59a6d;font-size: 18px;line-height: 28px;">加盟标准与品质标准</p><p style="color: #1b5e5d;font-size: 18px;line-height: 28px;">1001Dream Hotels AllianceTM的优势和信誉来自联盟各成员酒店的品质。我们采取严格的控制，确保只有最优秀、最高标准的酒店才能加盟，同时确保1001Dream Hotels AllianceTM各成员酒店继续维持这样的高标准。在评估酒店是否适合加盟联盟品牌时，我们相信顾客的综合体验和其他因素同等重要。1001Dream Hotels AllianceTM的优势和信誉来自联盟各成员酒店的品质。我们采取严格的控制，确保只有最优秀、最高标准的酒店才能加盟，同时确保1001Dream Hotels AllianceTM各成员酒店继续维持这样的高标准。在评估酒店是否适合加盟联盟品牌时，我们相信顾客的综合体验和其他因素同等重要。</p><p><img style="margin: 10px 20px 10px 0;" src="/1001hotel/uploadfiles/editor/image/20150423/1429761153121526.jpg" width="298" height="188" title="1429761153121526.jpg" alt="union-pic2.jpg"/> &nbsp; &nbsp; &nbsp; &nbsp; &nbsp; &nbsp; &nbsp; &nbsp; &nbsp;<img style="margin: 10px 20px 10px 0;" src="/1001hotel/uploadfiles/editor/image/20150423/1429761167173116.jpg" width="298" height="188" title="1429761167173116.jpg" alt="union-pic1.jpg"/></p><p style="color: rgb(27, 94, 93); font-size: 18px; line-height: 28px;">这样的高标准。在评估酒店是否适合加盟联盟品牌时，我们相信顾客的综合体验和其他因素同等重要。</p>', '', '2015-04-23 11:49:50', 1, 1, ''),
(81, 117, 30, '测试报道1', '', '测试报道1', '', '测试报道1', '', '测试报道描述嘻嘻哈哈', '', '20150423/201504231153389240.jpg', '', '<p style="text-align: center;"><strong><span style="font-size: 18px; color: rgb(227, 108, 9);">这里是测试报道</span></strong><br/></p><p>我们运营着两个领先时代的线下与线上平台，业务涵盖了新型旅游度假业态的整个产业链。旗下品牌一千零一夜酒店（1001 HOTEL®）是全球唯一的集酒店设计、集成房屋生产、酒店管理、酒店运营于一体的绿色生态度假连锁酒店品牌。1001梦幻酒店联盟（1001 Dream Hotels AllianceTM）联合了来自全球各地的梦幻小型精品酒店1001梦幻酒店联盟（1001 Dream Hotels AllianceTM）联合了来自全球各地的梦幻小型...我们运营着两个领先时代的线下与线上平台，业务涵盖了新型旅游度假业态的整个产业链。旗下品牌一千零一夜酒店（1001 HOTEL®）是全球唯一的集酒店设计、集成房屋生产、酒店管理、酒店运营于一体的绿色生态度假连锁酒店品牌。1001梦幻酒店联盟（1001 Dream Hotels AllianceTM）联合了来自全球各地的梦幻小型精品酒店1001梦幻酒店联盟（1001 Dream Hotels AllianceTM）联合了来自全球各地的梦幻小型...</p>', '', '2015-04-23 11:53:05', 1, 1, ''),
(82, 116, 40, '测试消费者故事', '', '测试消费者故事', '', '测试消费者故事', '', '测试消费者故事测试消费者故事描述', '', '20150423/201504231155174614.jpg', '', '<p>测试消费者故事</p><p>测试消费者故事详细内容</p>', '', '2015-04-23 11:54:30', 1, 1, ''),
(83, 115, 50, '测试活动更新', '', '测试活动更新', '', '测试活动更新', '', '测试活动更新描述的发生大幅减少冬季', '', '20150423/201504231156081814.jpg', '', '<p>测试活动更新</p><p>测试活动更新详细内容，可以后台编辑。</p>', '', '2015-04-23 11:55:34', 1, 1, ''),
(84, 91, 109, '可移动房屋系列专利', '', '', '', '2014', '', '', '', '20150424/201504241200159531.jpg', '', '', '', '2015-04-24 11:59:38', 0, 1, ''),
(85, 121, 10, '1001•腾格里沙漠', '', '中国，宁夏中卫', '', '', '', '腾格里沙漠，茫茫流沙如渺无边际的天空浩瀚无边。不管你身在何处，1001 HOTEL让你有回家一样的感觉。', '', '20150426/201504261753272681.jpg', '', '', '', '2015-04-26 17:52:03', 0, 1, ''),
(86, 121, 20, '1001•梦里水乡', '', '中国，广东里水', '', '', '', '恍如隔世的梦里水乡，一程山水一程歌。梦里水乡，依山傍水，绿树环绕，蕉树水杉映着窗纱，像是一支抒情小夜曲，悠扬深远。', '', '20150426/201504261754256439.jpg', '', '', '', '2015-04-26 17:53:33', 0, 1, ''),
(87, 121, 30, '1001•薰衣草园', '', '中国，新疆伊犁', '', '', '', '辽阔的草原、茂密的森林、幽深的溪谷、碧蓝的湖泊、金黄的油菜花、紫色的薰衣草， “塞外江南”美不胜收。变化的是窗外的缤纷景色，不变的是始终如一的舒适如家。', '', '20150426/201504261756573294.jpg', '', '', '', '2015-04-26 17:54:31', 0, 1, ''),
(88, 121, 40, '1001•雨林传说', '', '中国，云南西双版纳', '', '', '', '置身于延绵的热带雨林绝景之中，夕阳西下，喝一口清茶，眼前的青山绿树相映成辉，让人流连忘返，忘却烦嚣。', '', '20150426/201504261756278535.jpg', '', '', '', '2015-04-26 17:55:26', 0, 1, ''),
(89, 121, 50, '1001•南粤会所', '', '中国，广东佛山', '', '', '', '品味原汁原味的1001生活方式。精致、健康、环保、舒适，尽在一切意想不到的体验。', '', '20150426/201504261757483505.jpg', '', '', '', '2015-04-26 17:57:08', 0, 1, ''),
(90, 121, 60, '1001•渔耕粤韵', '', '中国，广东西樵', '', '', '', '每天早晨，在清新的空气中醒来，听鸟鸣，看花开。南粤西樵，半山花雨，奇景深藏，清幽秀丽。春意盎然的午后，坐在这里喝茶聊天，放眼望去，桑基鱼塘的岭南风情尽收眼底。坐在这里喝茶聊天，放眼望去，桑基鱼塘的岭南风情尽收眼底。', '', '20150426/201504261758319683.jpg', '', '', '', '2015-04-26 17:57:54', 0, 1, ''),
(91, 122, 200, '二维码', '', '', '', '', '', '', '', '20150426/201504261831099047.jpg', '', '', '', '2015-04-26 18:30:31', 0, 1, ''),
(92, 124, 10, '南粤会所', '', 'Canton Club', '', '中国广东省佛山市西樵立生路', '', 'Lisheng Rd, Xiqiao, Foshan, Guangdong, China', '', '', '', '', '', '2015-04-26 19:05:40', 0, 1, ''),
(93, 124, 20, '香港办公室', '', 'Hong Kong Office', '', '香港观塘鸿图道21号讯科中心12楼', '', '12/f Infotech Centre, 21 Hung To Rd, Kowloon, HKSAT', '', '', '', '', '', '2015-04-26 19:06:48', 0, 1, ''),
(94, 124, 30, '北美办公室', '', 'N.America Office', '', '加拿大安大略生万锦市奥尔登路220号', '', '220 Alden Rd., Markham, Ontario, Canada L3R 4C1', '', '', '', '', '', '2015-04-26 19:07:27', 0, 1, ''),
(95, 126, 10, '测试留言标题', '', '留言邮箱', '', '', '', '留言内容', '', '', '', '', '', '2015-04-26 19:20:15', 0, 1, ''),
(96, 129, 20, '其他信息2015-04-26 21:43:48', '', '137084553@qq.com', '', '', '', '1001测试客户留言其他信息。', NULL, '', '', NULL, NULL, '2015-04-26 21:43:48', 0, 1, ''),
(97, 131, 10, '1001酒店系统页视频', '', 'uu=de67558d98&vu=f27da0117d&auto_play=0&gpcflag=1&width=1024&height=768', '', '', '', '', '', '', '', '', '', '2015-04-27 15:30:17', 0, 1, ''),
(98, 131, 20, '首页视频', '', 'uu=de67558d98&vu=f27da0117d&auto_play=0&gpcflag=1&width=1024&height=768', '', '', '', '', '', '', '', '', '', '2015-04-27 15:31:13', 0, 1, ''),
(99, 133, 10, '关于1001页面banner', '', '', '', '', '', '', '', '20150427/201504271557041818.jpg', '', '', '', '2015-04-27 15:55:42', 0, 1, ''),
(100, 133, 20, '1001梦幻联盟页面banner', '', '', '', '', '', '', '', '20150427/201504271557041818.jpg', '', '', '', '2015-04-27 15:55:42', 0, 1, ''),
(101, 133, 30, '在建1001酒店页面banner', '', '', '', '', '', '', '', '20150427/201504271557041818.jpg', '', '', '', '2015-04-27 15:55:42', 0, 1, ''),
(102, 133, 40, '1001资讯页面banner', '', '', '', '', '', '', '', '20150427/201504271557041818.jpg', '', '', '', '2015-04-27 15:55:42', 0, 1, ''),
(103, 133, 50, '联系1001页面banner', '', '', '', '', '', '', '', '20150427/201504271557041818.jpg', '', '', '', '2015-04-27 15:55:42', 0, 1, ''),
(105, 128, 20, '业务资讯2015-04-27 17:22:16', '', '137084553@qq.com', '', '', '', '哈哈，测试一下。', NULL, '', '', NULL, NULL, '2015-04-27 17:22:16', 0, 1, ''),
(106, 128, 20, '业务资讯2015-04-27 17:30:31', '', 'guanghong2005@163.com', '', '', '', 'fasdfsdfasdfsd巴萨的发生的纠纷', NULL, '', '', NULL, NULL, '2015-04-27 17:30:31', 0, 1, ''),
(107, 129, 20, '其他信息2015-04-27 17:32:45', '', 'guanghong2005@163.com', '', '', '', 'fasdfasdffa231423423142', NULL, '', '', NULL, NULL, '2015-04-27 17:32:45', 0, 1, ''),
(108, 129, 20, '其他信息2015-04-27 17:34:56', '', 'guanghong2005@163.com', '', '', '', 'fdfasdfsdffd231231232', NULL, '', '', NULL, NULL, '2015-04-27 17:34:56', 0, 1, '');

-- --------------------------------------------------------

--
-- 表的结构 `videos`
--

CREATE TABLE IF NOT EXISTS `videos` (
  `id` tinyint(2) NOT NULL AUTO_INCREMENT,
  `name` varchar(255) NOT NULL COMMENT '视频名称',
  `path` varchar(255) NOT NULL COMMENT '视频地址',
  `date` int(11) NOT NULL COMMENT '上传时间',
  `type` varchar(2) NOT NULL DEFAULT '1' COMMENT '所属类型1=首页视频2=子页视频',
  `img` varchar(255) NOT NULL COMMENT '视频缩略图',
  PRIMARY KEY (`id`)
) ENGINE=MyISAM  DEFAULT CHARSET=utf8 COMMENT='酒店视频表' AUTO_INCREMENT=3 ;

--
-- 转存表中的数据 `videos`
--

INSERT INTO `videos` (`id`, `name`, `path`, `date`, `type`, `img`) VALUES
(1, '11.mp4', '20150411/201504111314027453.mp4', 1428758586, '1', '20150411/201504112123024419.png'),
(2, '11.mp4', '20150411/201504111314027453.mp4', 1428758586, '2', '20150411/201504112123024419.png');

-- --------------------------------------------------------

--
-- 表的结构 `web_admin`
--

CREATE TABLE IF NOT EXISTS `web_admin` (
  `id` int(11) NOT NULL AUTO_INCREMENT,
  `admin_user` varchar(100) DEFAULT NULL,
  `admin_pwd` varchar(100) DEFAULT NULL,
  `role_id` int(11) DEFAULT '1',
  `admin_id` int(11) DEFAULT '1',
  PRIMARY KEY (`id`)
) ENGINE=MyISAM  DEFAULT CHARSET=utf8 AUTO_INCREMENT=2 ;

--
-- 转存表中的数据 `web_admin`
--

INSERT INTO `web_admin` (`id`, `admin_user`, `admin_pwd`, `role_id`, `admin_id`) VALUES
(1, 'admin', '3c086f596b4aee58e1d71b3626fefc87', 1, 0);

-- --------------------------------------------------------

--
-- 表的结构 `web_admin_role`
--

CREATE TABLE IF NOT EXISTS `web_admin_role` (
  `id` int(11) NOT NULL AUTO_INCREMENT,
  `role_name` varchar(100) DEFAULT NULL,
  `role_desc` varchar(200) NOT NULL DEFAULT '',
  `action` text,
  `admin_id` int(11) DEFAULT '1',
  PRIMARY KEY (`id`)
) ENGINE=MyISAM  DEFAULT CHARSET=utf8 AUTO_INCREMENT=2 ;

--
-- 转存表中的数据 `web_admin_role`
--

INSERT INTO `web_admin_role` (`id`, `role_name`, `role_desc`, `action`, `admin_id`) VALUES
(1, '超级管理员', '无任何限制', '', 1);

/*!40101 SET CHARACTER_SET_CLIENT=@OLD_CHARACTER_SET_CLIENT */;
/*!40101 SET CHARACTER_SET_RESULTS=@OLD_CHARACTER_SET_RESULTS */;
/*!40101 SET COLLATION_CONNECTION=@OLD_COLLATION_CONNECTION */;
